{"stats":{"minecraft:dropped":{"alexsmobs:animal_dictionary":1,"alexsmobs:bear_fur":1,"gravestone:obituary":3,"minecraft:spider_eye":2},"minecraft:crafted":{"minecraft:oak_planks":40,"minecraft:crafting_table":1,"minecraft:stone_axe":1,"minecraft:stick":8,"minecraft:stone_pickaxe":1,"minecraft:stone_sword":1},"minecraft:custom":{"minecraft:mob_kills":4,"minecraft:interact_with_crafting_table":2,"minecraft:leave_game":1,"minecraft:time_since_death":6288,"minecraft:time_since_rest":6299,"minecraft:sprint_one_cm":36536,"minecraft:damage_taken":765,"minecraft:walk_one_cm":85877,"minecraft:drop":7,"minecraft:damage_dealt":541,"minecraft:swim_one_cm":606,"minecraft:fly_one_cm":65662,"minecraft:crouch_one_cm":17,"minecraft:play_time":13182,"minecraft:deaths":2,"minecraft:sneak_time":23,"minecraft:walk_under_water_one_cm":199,"minecraft:jump":355,"minecraft:walk_on_water_one_cm":832,"minecraft:total_world_time":13182,"minecraft:fall_one_cm":10878},"minecraft:used":{"croptopia:grape":2,"croptopia:celery":1,"croptopia:tomato":1,"croptopia:radish":1,"minecraft:oak_planks":5,"minecraft:wooden_pickaxe":8,"minecraft:skeleton_spawn_egg":1,"croptopia:blueberry":1,"duneons:highlandberrybushempty":2,"croptopia:spinach":1,"minecraft:stone_axe":19,"duneons:highlandfern":1,"alexsmobs:animal_dictionary":3},"minecraft:mined":{"croptopia:grape_crop":2,"minecraft:crafting_table":1,"gravestone:gravestone":2,"duneons:highlandtallgrass":5,"minecraft:mushroom_stem":6,"croptopia:pecan_crop":1,"croptopia:cauliflower_crop":1,"duneons:highbigtallgrass":1,"croptopia:blueberry_crop":1,"duneons:highlandfern":5,"minecraft:grass":2,"minecraft:oak_log":9,"croptopia:celery_crop":1,"croptopia:radish_crop":1,"minecraft:black_candle":2,"duneons:highlandberrybushempty":2,"minecraft:red_mushroom_block":1,"minecraft:wither_skeleton_skull":1,"minecraft:stone":7,"minecraft:oak_leaves":4},"minecraft:picked_up":{"minecraft:crafting_table":1,"croptopia:radish":1,"croptopia:grape_seed":8,"minecraft:wooden_pickaxe":1,"alexsmobs:bear_fur":1,"croptopia:spinach":1,"minecraft:oak_log":10,"gravestone:obituary":1,"minecraft:wither_skeleton_skull":1,"croptopia:celery":1,"croptopia:blueberry_seed":4,"minecraft:bone":1,"minecraft:wheat_seeds":1,"croptopia:tomato_seed":3,"croptopia:tomato":1,"croptopia:blueberry":1,"minecraft:oak_planks":1,"duneons:highlandberrybushempty":2,"croptopia:cauliflower_seed":1,"minecraft:black_candle":5,"duneons:highlandfern":5,"croptopia:celery_seed":1,"alexsmobs:animal_dictionary":1,"minecraft:spider_eye":2,"croptopia:spinach_seed":1,"croptopia:grape":2,"minecraft:skeleton_spawn_egg":1,"minecraft:arrow":3,"croptopia:cantaloupe_seed":1,"croptopia:radish_seed":2,"minecraft:oak_sapling":1,"minecraft:cobblestone":8,"croptopia:cauliflower":1},"minecraft:killed":{"minecraft:spider":1,"alexsmobs:seagull":1,"minecraft:skeleton":1,"minecraft:zombie":1}},"DataVersion":3465}