{"stats":{"minecraft:killed":{"minecraft:skeleton":1,"minecraft:spider":1},"minecraft:mined":{"croptopia:pecan_crop":1,"croptopia:cauliflower_crop":1,"minecraft:crafting_table":1,"gravestone:gravestone":2,"minecraft:oak_log":9,"croptopia:celery_crop":1,"croptopia:radish_crop":1,"minecraft:mushroom_stem":6,"minecraft:red_mushroom_block":1,"minecraft:stone":7,"minecraft:oak_leaves":4},"minecraft:crafted":{"minecraft:oak_planks":24,"minecraft:crafting_table":1,"minecraft:stick":8,"minecraft:stone_pickaxe":1,"minecraft:stone_sword":1,"minecraft:stone_axe":1},"minecraft:dropped":{"alexsmobs:animal_dictionary":1,"gravestone:obituary":3},"minecraft:custom":{"minecraft:time_since_rest":666,"minecraft:sprint_one_cm":14252,"minecraft:damage_taken":620,"minecraft:walk_one_cm":43961,"minecraft:mob_kills":2,"minecraft:drop":4,"minecraft:damage_dealt":179,"minecraft:interact_with_crafting_table":2,"minecraft:fly_one_cm":13239,"minecraft:deaths":2,"minecraft:crouch_one_cm":17,"minecraft:play_time":7549,"minecraft:sneak_time":18,"minecraft:jump":114,"minecraft:time_since_death":655,"minecraft:total_world_time":7549,"minecraft:fall_one_cm":5015},"minecraft:picked_up":{"minecraft:crafting_table":1,"croptopia:cauliflower_seed":1,"croptopia:radish":1,"croptopia:grape_seed":1,"minecraft:wooden_pickaxe":1,"croptopia:celery_seed":1,"croptopia:spinach":1,"minecraft:oak_log":10,"gravestone:obituary":1,"alexsmobs:animal_dictionary":1,"croptopia:celery":1,"croptopia:blueberry_seed":2,"croptopia:spinach_seed":1,"minecraft:skeleton_spawn_egg":1,"minecraft:bone":1,"minecraft:arrow":3,"minecraft:wheat_seeds":1,"croptopia:radish_seed":2,"croptopia:tomato_seed":3,"croptopia:tomato":1,"minecraft:oak_sapling":1,"minecraft:oak_planks":1,"minecraft:cobblestone":8,"croptopia:cauliflower":1},"minecraft:used":{"croptopia:celery":1,"croptopia:tomato":1,"croptopia:radish":1,"minecraft:wooden_pickaxe":8,"croptopia:spinach":1,"minecraft:stone_axe":10,"minecraft:skeleton_spawn_egg":1,"alexsmobs:animal_dictionary":3}},"DataVersion":3465}