{"stats":{"minecraft:dropped":{"alexsmobs:animal_dictionary":1},"minecraft:crafted":{"minecraft:dark_oak_planks":16,"minecraft:crafting_table":1,"minecraft:stick":4,"minecraft:wooden_pickaxe":1,"minecraft:wooden_axe":1},"minecraft:used":{"minecraft:wooden_axe":14,"minecraft:crafting_table":1},"minecraft:custom":{"minecraft:time_since_rest":4522,"minecraft:crouch_one_cm":256,"minecraft:sprint_one_cm":8134,"minecraft:play_time":4522,"minecraft:damage_taken":120,"minecraft:walk_one_cm":15444,"minecraft:sneak_time":22,"minecraft:mob_kills":1,"minecraft:drop":1,"minecraft:jump":71,"minecraft:damage_dealt":118,"minecraft:leave_game":2,"minecraft:time_since_death":4522,"minecraft:total_world_time":4522,"minecraft:interact_with_crafting_table":1,"minecraft:fall_one_cm":3246,"minecraft:fly_one_cm":8721},"minecraft:mined":{"minecraft:grass":1,"minecraft:dark_oak_leaves":9,"minecraft:bamboo":1,"minecraft:dark_oak_log":13,"minecraft:crafting_table":1},"minecraft:picked_up":{"minecraft:crafting_table":1,"gravestone:obituary":1,"minecraft:bamboo":3,"minecraft:dark_oak_log":13,"alexsmobs:animal_dictionary":1}},"DataVersion":3465}