{"stats":{"minecraft:mined":{"minecraft:dark_oak_log":13,"minecraft:crafting_table":1,"minecraft:dark_oak_leaves":6},"minecraft:crafted":{"minecraft:dark_oak_planks":16,"minecraft:crafting_table":1,"minecraft:stick":4,"minecraft:wooden_pickaxe":1,"minecraft:wooden_axe":1},"minecraft:dropped":{"alexsmobs:animal_dictionary":1},"minecraft:custom":{"minecraft:jump":8,"minecraft:time_since_rest":1708,"minecraft:leave_game":1,"minecraft:play_time":1708,"minecraft:time_since_death":1708,"minecraft:walk_one_cm":4290,"minecraft:total_world_time":1708,"minecraft:interact_with_crafting_table":1,"minecraft:drop":1},"minecraft:picked_up":{"minecraft:crafting_table":1,"gravestone:obituary":1,"minecraft:dark_oak_log":13,"alexsmobs:animal_dictionary":1},"minecraft:used":{"minecraft:wooden_axe":10,"minecraft:crafting_table":1}},"DataVersion":3465}