{"stats":{"minecraft:killed":{"minecraft:sheep":3},"minecraft:mined":{"croptopia:cashew_crop":1,"minecraft:stone":4,"minecraft:dark_oak_log":18},"minecraft:crafted":{"minecraft:dark_oak_planks":72,"minecraft:crafting_table":1,"minecraft:stick":4,"minecraft:wooden_pickaxe":1,"minecraft:wooden_axe":1},"minecraft:dropped":{"croptopia:celery":1,"croptopia:grape_seed":1,"croptopia:cashew":2},"minecraft:custom":{"minecraft:time_since_rest":3798,"minecraft:crouch_one_cm":229,"minecraft:play_time":3798,"minecraft:sprint_one_cm":15471,"minecraft:damage_taken":40,"minecraft:walk_one_cm":12431,"minecraft:sneak_time":100,"minecraft:mob_kills":3,"minecraft:drop":4,"minecraft:jump":92,"minecraft:damage_dealt":240,"minecraft:leave_game":1,"minecraft:time_since_death":3798,"minecraft:climb_one_cm":1268,"minecraft:total_world_time":3798,"minecraft:interact_with_crafting_table":2,"minecraft:fall_one_cm":2807,"minecraft:fly_one_cm":18543},"minecraft:picked_up":{"croptopia:grape_seed":1,"gravestone:obituary":1,"minecraft:mutton":3,"croptopia:celery":1,"croptopia:cashew":2,"minecraft:dark_oak_log":18,"minecraft:white_wool":3,"minecraft:cobblestone":3},"minecraft:used":{"minecraft:wooden_axe":24,"minecraft:crafting_table":1,"minecraft:wooden_pickaxe":4}},"DataVersion":3465}