{"stats":{"minecraft:dropped":{"gravestone:obituary":1,"croptopia:celery":1,"croptopia:grape_seed":1,"croptopia:cashew":2},"minecraft:crafted":{"minecraft:dark_oak_planks":72,"minecraft:crafting_table":1,"minecraft:stick":4,"minecraft:wooden_pickaxe":1,"minecraft:wooden_axe":1},"minecraft:used":{"minecraft:wooden_axe":24,"minecraft:crafting_table":1,"minecraft:wooden_pickaxe":7},"minecraft:custom":{"minecraft:time_since_rest":1077,"minecraft:deaths":1,"minecraft:crouch_one_cm":229,"minecraft:play_time":5933,"minecraft:sprint_one_cm":28561,"minecraft:damage_taken":325,"minecraft:walk_one_cm":17535,"minecraft:sneak_time":100,"minecraft:walk_under_water_one_cm":202,"minecraft:mob_kills":3,"minecraft:drop":5,"minecraft:jump":187,"minecraft:damage_dealt":341,"minecraft:walk_on_water_one_cm":172,"minecraft:leave_game":2,"minecraft:time_since_death":1054,"minecraft:swim_one_cm":590,"minecraft:total_world_time":5933,"minecraft:climb_one_cm":1657,"minecraft:interact_with_crafting_table":2,"minecraft:fall_one_cm":7453,"minecraft:fly_one_cm":41133},"minecraft:mined":{"gravestone:gravestone":1,"croptopia:cashew_crop":1,"minecraft:dark_oak_log":18,"minecraft:stone":4,"minecraft:fern":1},"minecraft:picked_up":{"croptopia:grape_seed":1,"gravestone:obituary":1,"croptopia:cashew":2,"minecraft:mutton":3,"minecraft:dark_oak_log":18,"croptopia:celery":1,"minecraft:white_wool":3,"minecraft:cobblestone":3},"minecraft:killed":{"minecraft:sheep":3}},"DataVersion":3465}