{"stats":{"minecraft:dropped":{"minecraft:wheat_seeds":3,"minecraft:dark_oak_sapling":2,"croptopia:elderberry_seed":6,"minecraft:rotten_flesh":2,"minecraft:oak_planks":1,"croptopia:strawberry_seed":2,"alexsmobs:bear_fur":1,"croptopia:blueberry_seed":7,"croptopia:tomato_seed":2,"croptopia:celery_seed":6,"croptopia:spinach_seed":1,"croptopia:grape_seed":13,"croptopia:cantaloupe":1,"minecraft:oak_sapling":1,"gravestone:obituary":4,"croptopia:tea_leaves":2,"minecraft:spider_eye":2,"minecraft:wooden_pickaxe":1,"croptopia:tea_seed":2,"croptopia:cantaloupe_seed":15},"minecraft:crafted":{"minecraft:oak_planks":12,"minecraft:crafting_table":1,"minecraft:wooden_pickaxe":1,"minecraft:stone_axe":1,"minecraft:stick":8,"minecraft:stone_pickaxe":1,"minecraft:dark_oak_planks":20},"minecraft:custom":{"minecraft:mob_kills":4,"minecraft:interact_with_crafting_table":3,"minecraft:leave_game":5,"minecraft:time_since_death":2585,"minecraft:time_since_rest":2606,"minecraft:sprint_one_cm":79055,"minecraft:damage_taken":1490,"minecraft:walk_one_cm":51279,"minecraft:drop":74,"minecraft:damage_dealt":926,"minecraft:fly_one_cm":134983,"minecraft:crouch_one_cm":2434,"minecraft:play_time":18817,"minecraft:deaths":4,"minecraft:sneak_time":1221,"minecraft:walk_under_water_one_cm":43,"minecraft:jump":310,"minecraft:walk_on_water_one_cm":125,"minecraft:total_world_time":18817,"minecraft:fall_one_cm":11237},"minecraft:used":{"croptopia:grape":7,"minecraft:water_bucket":6,"croptopia:pecan":14,"croptopia:celery":1,"croptopia:tomato":1,"minecraft:wooden_pickaxe":8,"minecraft:dirt":6,"croptopia:blueberry":4,"croptopia:elderberry":2,"minecraft:crafting_table":1,"croptopia:cashew":4,"croptopia:plum":4,"minecraft:dark_oak_planks":3,"croptopia:spinach":1,"minecraft:stone_axe":15,"alexsmobs:animal_dictionary":1,"croptopia:strawberry":1,"croptopia:cantaloupe":5},"minecraft:mined":{"minecraft:dark_oak_planks":3,"croptopia:cantaloupe_crop":1,"minecraft:dark_oak_leaves":13,"croptopia:grape_crop":2,"gravestone:gravestone":4,"minecraft:grass_block":10,"croptopia:spinach_crop":1,"minecraft:birch_leaves":1,"croptopia:blueberry_crop":1,"minecraft:grass":6,"minecraft:oak_log":3,"croptopia:celery_crop":1,"minecraft:dirt":9,"duneons:dungeonscharreddirt":5,"minecraft:stone":7,"minecraft:oak_leaves":2},"minecraft:picked_up":{"duneons:dungeonscharreddirt":5,"croptopia:grape_seed":13,"alexsmobs:bear_fur":1,"croptopia:spinach":1,"croptopia:tea_leaves":2,"minecraft:oak_log":29,"croptopia:blueberry_seed":7,"croptopia:celery":1,"minecraft:dirt":18,"croptopia:cantaloupe":6,"minecraft:wheat_seeds":3,"croptopia:tomato_seed":2,"croptopia:tomato":1,"croptopia:blueberry":4,"croptopia:elderberry_seed":6,"minecraft:dark_oak_sapling":2,"minecraft:stick":1,"croptopia:plum":5,"croptopia:celery_seed":6,"croptopia:tea_seed":2,"croptopia:strawberry":1,"minecraft:dark_oak_log":5,"minecraft:spider_eye":2,"croptopia:spinach_seed":1,"minecraft:dark_oak_planks":3,"croptopia:grape":7,"croptopia:cantaloupe_seed":15,"minecraft:rotten_flesh":2,"croptopia:strawberry_seed":2,"croptopia:elderberry":2,"minecraft:oak_sapling":1,"croptopia:cashew":3,"croptopia:pecan":14,"minecraft:cobblestone":6},"minecraft:killed":{"alexsmobs:grizzly_bear":1,"minecraft:skeleton":1,"minecraft:zombie":2}},"DataVersion":3465}