{"stats":{"minecraft:killed":{"alexsmobs:grizzly_bear":1,"minecraft:skeleton":1},"minecraft:mined":{"minecraft:dark_oak_planks":3,"croptopia:cantaloupe_crop":1,"minecraft:dark_oak_leaves":12,"croptopia:grape_crop":2,"gravestone:gravestone":2,"minecraft:grass_block":7,"croptopia:spinach_crop":1,"croptopia:blueberry_crop":1,"minecraft:grass":6,"minecraft:oak_log":3,"croptopia:celery_crop":1,"minecraft:dirt":9,"duneons:dungeonscharreddirt":5,"minecraft:stone":7,"minecraft:oak_leaves":2},"minecraft:crafted":{"minecraft:oak_planks":12,"minecraft:crafting_table":1,"minecraft:wooden_pickaxe":1,"minecraft:stone_axe":1,"minecraft:stick":8,"minecraft:stone_pickaxe":1,"minecraft:dark_oak_planks":20},"minecraft:dropped":{"minecraft:wheat_seeds":3,"minecraft:dark_oak_sapling":2,"croptopia:elderberry_seed":2,"minecraft:oak_planks":1,"alexsmobs:bear_fur":1,"croptopia:blueberry_seed":2,"croptopia:tomato_seed":2,"croptopia:celery_seed":6,"croptopia:spinach_seed":1,"croptopia:grape_seed":10,"gravestone:obituary":2,"croptopia:tea_leaves":1,"minecraft:spider_eye":2,"minecraft:wooden_pickaxe":1,"croptopia:tea_seed":2,"croptopia:cantaloupe_seed":6},"minecraft:custom":{"minecraft:mob_kills":2,"minecraft:interact_with_crafting_table":3,"minecraft:leave_game":4,"minecraft:time_since_death":1372,"minecraft:time_since_rest":1394,"minecraft:sprint_one_cm":43651,"minecraft:damage_taken":880,"minecraft:walk_one_cm":40584,"minecraft:drop":44,"minecraft:damage_dealt":448,"minecraft:fly_one_cm":105842,"minecraft:crouch_one_cm":2434,"minecraft:play_time":14135,"minecraft:deaths":2,"minecraft:sneak_time":1221,"minecraft:walk_under_water_one_cm":43,"minecraft:jump":160,"minecraft:walk_on_water_one_cm":125,"minecraft:total_world_time":14135,"minecraft:fall_one_cm":5704},"minecraft:picked_up":{"duneons:dungeonscharreddirt":5,"croptopia:grape_seed":10,"alexsmobs:bear_fur":1,"croptopia:spinach":1,"croptopia:tea_leaves":1,"minecraft:oak_log":3,"croptopia:blueberry_seed":2,"croptopia:celery":1,"minecraft:dirt":16,"croptopia:cantaloupe":4,"minecraft:wheat_seeds":3,"croptopia:tomato_seed":2,"croptopia:tomato":1,"croptopia:blueberry":1,"croptopia:elderberry_seed":2,"minecraft:dark_oak_sapling":2,"minecraft:stick":1,"croptopia:celery_seed":6,"croptopia:tea_seed":2,"minecraft:dark_oak_log":5,"minecraft:spider_eye":2,"croptopia:spinach_seed":1,"minecraft:dark_oak_planks":3,"croptopia:grape":5,"croptopia:cantaloupe_seed":6,"croptopia:elderberry":1,"croptopia:cashew":3,"croptopia:pecan":14,"minecraft:cobblestone":6},"minecraft:used":{"croptopia:grape":5,"minecraft:water_bucket":6,"croptopia:pecan":14,"croptopia:celery":1,"croptopia:tomato":1,"minecraft:wooden_pickaxe":8,"minecraft:dirt":4,"croptopia:elderberry":1,"croptopia:blueberry":1,"minecraft:crafting_table":1,"croptopia:cashew":4,"minecraft:dark_oak_planks":3,"croptopia:spinach":1,"minecraft:stone_axe":8,"alexsmobs:animal_dictionary":1,"croptopia:cantaloupe":4}},"DataVersion":3465}