{"stats":{"minecraft:dropped":{"croptopia:celery_seed":2,"minecraft:wheat_seeds":2,"croptopia:grape_seed":2,"croptopia:cantaloupe_seed":4,"minecraft:dark_oak_sapling":2},"minecraft:picked_up":{"minecraft:dark_oak_sapling":2,"croptopia:grape":1,"croptopia:cantaloupe_seed":4,"croptopia:grape_seed":2,"minecraft:wheat_seeds":2,"croptopia:celery_seed":2,"croptopia:cashew":3,"croptopia:cantaloupe":2},"minecraft:custom":{"minecraft:time_since_rest":3542,"minecraft:sprint_one_cm":16076,"minecraft:play_time":3542,"minecraft:damage_taken":50,"minecraft:walk_one_cm":11162,"minecraft:drop":12,"minecraft:jump":31,"minecraft:damage_dealt":18,"minecraft:leave_game":3,"minecraft:time_since_death":3542,"minecraft:total_world_time":3542,"minecraft:fall_one_cm":1859,"minecraft:fly_one_cm":14756},"minecraft:used":{"croptopia:grape":1,"croptopia:cashew":3,"alexsmobs:animal_dictionary":1},"minecraft:mined":{"minecraft:grass":2,"croptopia:cantaloupe_crop":1,"minecraft:dark_oak_leaves":8}},"DataVersion":3465}