{"stats":{"minecraft:custom":{"minecraft:jump":10,"minecraft:time_since_rest":2079,"minecraft:sprint_one_cm":2964,"minecraft:damage_taken":50,"minecraft:leave_game":2,"minecraft:play_time":2079,"minecraft:time_since_death":2079,"minecraft:walk_one_cm":3847,"minecraft:total_world_time":2079,"minecraft:fly_one_cm":11238,"minecraft:drop":4,"minecraft:fall_one_cm":965},"minecraft:dropped":{"minecraft:dark_oak_sapling":2,"minecraft:wheat_seeds":2},"minecraft:used":{"alexsmobs:animal_dictionary":1},"minecraft:picked_up":{"minecraft:dark_oak_sapling":2,"minecraft:wheat_seeds":2},"minecraft:mined":{"minecraft:grass":2,"minecraft:dark_oak_leaves":8}},"DataVersion":3465}