{"stats":{"minecraft:dropped":{"gravestone:obituary":1,"minecraft:blue_orchid":1},"minecraft:custom":{"minecraft:time_since_rest":2832,"minecraft:sprint_one_cm":42629,"minecraft:damage_taken":380,"minecraft:walk_one_cm":56622,"minecraft:mob_kills":1,"minecraft:drop":2,"minecraft:damage_dealt":160,"minecraft:swim_one_cm":41824,"minecraft:fly_one_cm":44780,"minecraft:open_chest":4,"minecraft:play_time":19761,"minecraft:crouch_one_cm":4434,"minecraft:deaths":1,"minecraft:sneak_time":1254,"minecraft:walk_under_water_one_cm":21899,"minecraft:jump":288,"minecraft:leave_game":5,"minecraft:time_since_death":2816,"minecraft:walk_on_water_one_cm":13098,"minecraft:total_world_time":19761,"minecraft:climb_one_cm":3200,"minecraft:fall_one_cm":4529},"minecraft:used":{"duneons:wood_stronghold":4,"neapolitan:banana_stalk":1,"neapolitan:banana_bunch":2,"minecraft:oak_stairs":4,"minecraft:melon_slice":4,"duneons:greenswoed":3,"neapolitan:banana":2,"alexsmobs:animal_dictionary":2},"minecraft:mined":{"neapolitan:banana_bundle":1,"croptopia:pineapple_crop":1,"duneons:wood_stronghold":6,"neapolitan:banana_stalk":4,"croptopia:turnip_crop":1,"minecraft:grass_block":5,"minecraft:grass":3,"duneons:rug_3":1,"minecraft:oak_wood":1,"minecraft:melon":1,"minecraft:vine":3,"duneons:cobwebdig":2,"minecraft:oak_stairs":4,"minecraft:dirt":2,"duneons:inventorytable":1,"duneons:fancyfence":1,"minecraft:cyan_bed":1,"minecraft:sugar_cane":1,"duneons:swampgrass":2,"minecraft:fern":2,"duneons:goldchest":1},"minecraft:picked_up":{"minecraft:oak_stairs":4,"croptopia:almond":3,"duneons:swampgrass":2,"minecraft:cyan_bed":1,"minecraft:spider_eye":1,"minecraft:string":1,"croptopia:turnip":1,"minecraft:spruce_door":1,"minecraft:dirt":23,"duneons:wood_stronghold":5,"minecraft:polished_andesite":1,"neapolitan:banana_frond":18,"minecraft:oak_wood":1,"neapolitan:banana_stalk":4,"duneons:rug_3":1,"neapolitan:banana_bunch":2,"minecraft:blue_orchid":1,"duneons:goldchest":1,"minecraft:wheat_seeds":1,"duneons:inventorytable":1,"croptopia:pineapple_seed":2,"croptopia:pineapple":1,"duneons:fancyfence_corner":1,"croptopia:turnip_seed":2,"minecraft:sugar_cane":4,"minecraft:melon_slice":5,"duneons:cobwebdig":2},"minecraft:killed":{"minecraft:spider":1}},"DataVersion":3465}