{"stats":{"minecraft:picked_up":{"croptopia:almond":3},"minecraft:used":{"alexsmobs:animal_dictionary":2},"minecraft:custom":{"minecraft:jump":33,"minecraft:time_since_rest":5503,"minecraft:damage_taken":130,"minecraft:crouch_one_cm":4176,"minecraft:leave_game":3,"minecraft:play_time":5503,"minecraft:sprint_one_cm":7912,"minecraft:time_since_death":5503,"minecraft:walk_on_water_one_cm":4070,"minecraft:walk_one_cm":7789,"minecraft:sneak_time":1206,"minecraft:total_world_time":5503,"minecraft:climb_one_cm":96,"minecraft:walk_under_water_one_cm":3698,"minecraft:swim_one_cm":17170,"minecraft:fall_one_cm":533,"minecraft:fly_one_cm":2788}},"DataVersion":3465}