{"stats":{"minecraft:mined":{"neapolitan:banana_bundle":1,"croptopia:pineapple_crop":1,"duneons:wood_stronghold":5,"neapolitan:banana_stalk":4,"croptopia:turnip_crop":1,"minecraft:grass":1,"minecraft:oak_wood":1,"duneons:rug_3":1,"minecraft:melon":1,"duneons:cobwebdig":2,"minecraft:oak_stairs":4,"duneons:inventorytable":1,"duneons:fancyfence":1,"minecraft:sugar_cane":1,"duneons:swampgrass":2,"minecraft:fern":1},"minecraft:dropped":{"minecraft:blue_orchid":1},"minecraft:custom":{"minecraft:time_since_rest":12442,"minecraft:sprint_one_cm":25952,"minecraft:damage_taken":130,"minecraft:walk_one_cm":26427,"minecraft:drop":1,"minecraft:swim_one_cm":33441,"minecraft:fly_one_cm":30859,"minecraft:open_chest":3,"minecraft:play_time":12442,"minecraft:crouch_one_cm":4434,"minecraft:sneak_time":1248,"minecraft:walk_under_water_one_cm":7714,"minecraft:jump":171,"minecraft:leave_game":4,"minecraft:time_since_death":12442,"minecraft:walk_on_water_one_cm":11119,"minecraft:total_world_time":12442,"minecraft:climb_one_cm":732,"minecraft:fall_one_cm":2681},"minecraft:picked_up":{"minecraft:oak_stairs":4,"croptopia:almond":3,"duneons:swampgrass":2,"croptopia:turnip":1,"minecraft:spruce_door":1,"duneons:wood_stronghold":4,"neapolitan:banana_frond":18,"neapolitan:banana_stalk":4,"minecraft:oak_wood":1,"duneons:rug_3":1,"neapolitan:banana_bunch":2,"minecraft:blue_orchid":1,"minecraft:wheat_seeds":1,"croptopia:pineapple_seed":2,"duneons:inventorytable":1,"croptopia:pineapple":1,"duneons:fancyfence_corner":1,"croptopia:turnip_seed":2,"minecraft:sugar_cane":4,"minecraft:melon_slice":5,"duneons:cobwebdig":2},"minecraft:used":{"duneons:wood_stronghold":4,"neapolitan:banana_stalk":1,"minecraft:oak_stairs":4,"minecraft:melon_slice":1,"alexsmobs:animal_dictionary":2}},"DataVersion":3465}