{"stats":{"minecraft:mined":{"minecraft:oak_log":2,"croptopia:grape_crop":2,"croptopia:strawberry_crop":1,"minecraft:dark_oak_log":5,"croptopia:tomato_crop":1},"minecraft:crafted":{"minecraft:oak_planks":8,"minecraft:dark_oak_planks":16,"minecraft:crafting_table":1},"minecraft:custom":{"minecraft:time_since_rest":3689,"minecraft:play_time":3689,"minecraft:sprint_one_cm":13866,"minecraft:damage_taken":138,"minecraft:walk_one_cm":14942,"minecraft:drop":33,"minecraft:jump":67,"minecraft:damage_dealt":46,"minecraft:time_since_death":3689,"minecraft:total_world_time":3689,"minecraft:fly_one_cm":10606,"minecraft:fall_one_cm":2296},"minecraft:dropped":{"croptopia:tomato_seed":2,"croptopia:celery_seed":2,"minecraft:dirt":24,"croptopia:strawberry_seed":2,"minecraft:oak_log":1,"croptopia:grape_seed":3},"minecraft:picked_up":{"croptopia:grape":2,"croptopia:grape_seed":3,"croptopia:strawberry_seed":2,"croptopia:tomato_seed":2,"croptopia:celery_seed":2,"minecraft:oak_log":3,"croptopia:tomato":1,"minecraft:dark_oak_log":4,"croptopia:strawberry":1,"minecraft:dirt":24},"minecraft:used":{"croptopia:grape":2,"croptopia:tomato":1,"croptopia:strawberry":1}},"DataVersion":3465}