{"stats":{"minecraft:dropped":{"croptopia:tomato_seed":2,"croptopia:celery_seed":2,"minecraft:dirt":24,"croptopia:strawberry_seed":2,"croptopia:grape_seed":3,"minecraft:oak_log":1},"minecraft:crafted":{"minecraft:oak_planks":8,"minecraft:dark_oak_planks":16,"minecraft:crafting_table":1},"minecraft:used":{"croptopia:grape":2,"croptopia:tomato":1,"alexsmobs:animal_dictionary":1,"croptopia:strawberry":1},"minecraft:custom":{"minecraft:time_since_rest":5396,"minecraft:play_time":5396,"minecraft:sprint_one_cm":18098,"minecraft:damage_taken":138,"minecraft:walk_one_cm":19065,"minecraft:drop":33,"minecraft:jump":80,"minecraft:damage_dealt":46,"minecraft:leave_game":1,"minecraft:time_since_death":5396,"minecraft:total_world_time":5396,"minecraft:fly_one_cm":11705,"minecraft:fall_one_cm":2296},"minecraft:mined":{"minecraft:oak_log":2,"croptopia:grape_crop":2,"croptopia:strawberry_crop":1,"minecraft:dark_oak_log":5,"croptopia:tomato_crop":1},"minecraft:picked_up":{"croptopia:grape":2,"croptopia:grape_seed":3,"croptopia:strawberry_seed":2,"croptopia:tomato_seed":2,"croptopia:celery_seed":2,"minecraft:oak_log":3,"croptopia:tomato":1,"minecraft:dark_oak_log":4,"croptopia:strawberry":1,"minecraft:dirt":24}},"DataVersion":3465}