{"stats":{"minecraft:used":{"minecraft:dirt":1,"minecraft:apple":1,"minecraft:mutton":2,"minecraft:dark_oak_log":2,"minecraft:dark_oak_sapling":4},"minecraft:custom":{"minecraft:time_since_rest":2137,"minecraft:deaths":1,"minecraft:walk_one_cm":28644,"minecraft:play_time":9745,"minecraft:sprint_one_cm":39631,"minecraft:damage_taken":507,"minecraft:mob_kills":1,"minecraft:jump":147,"minecraft:damage_dealt":178,"minecraft:leave_game":1,"minecraft:time_since_death":2123,"minecraft:fly_one_cm":21524,"minecraft:total_world_time":9745,"minecraft:fall_one_cm":4692},"minecraft:mined":{"minecraft:grass":1,"minecraft:oak_log":1,"croptopia:pecan_crop":5,"minecraft:dark_oak_leaves":21,"croptopia:cashew_crop":6,"minecraft:birch_log":4,"minecraft:bamboo":5,"minecraft:dark_oak_log":15,"minecraft:oak_leaves":1},"minecraft:picked_up":{"minecraft:birch_log":7,"minecraft:dark_oak_sapling":4,"minecraft:stick":2,"minecraft:bone":1,"minecraft:arrow":1,"minecraft:apple":1,"minecraft:red_mushroom":2,"croptopia:honeydew_seed":2,"minecraft:oak_log":2,"minecraft:bamboo":42,"minecraft:oak_sapling":1,"minecraft:mutton":2,"croptopia:cashew":5,"croptopia:pecan":5,"minecraft:dark_oak_log":25,"croptopia:honeydew":1,"minecraft:dirt":23,"minecraft:white_wool":1},"minecraft:killed":{"minecraft:sheep":1}},"DataVersion":3465}