{"stats":{"minecraft:killed":{"minecraft:sheep":1},"minecraft:mined":{"minecraft:grass":1,"minecraft:oak_log":1,"croptopia:pecan_crop":5,"minecraft:dark_oak_leaves":21,"croptopia:cashew_crop":6,"minecraft:bamboo":5,"minecraft:dark_oak_log":15,"minecraft:oak_leaves":1},"minecraft:custom":{"minecraft:time_since_rest":5514,"minecraft:play_time":5514,"minecraft:sprint_one_cm":33259,"minecraft:damage_taken":236,"minecraft:walk_one_cm":17969,"minecraft:mob_kills":1,"minecraft:jump":100,"minecraft:damage_dealt":178,"minecraft:time_since_death":5514,"minecraft:total_world_time":5514,"minecraft:fall_one_cm":2156,"minecraft:fly_one_cm":18289},"minecraft:picked_up":{"minecraft:birch_log":3,"minecraft:dark_oak_sapling":4,"minecraft:stick":2,"minecraft:arrow":1,"minecraft:bone":1,"minecraft:apple":1,"croptopia:honeydew_seed":2,"minecraft:red_mushroom":2,"minecraft:oak_log":2,"croptopia:honeydew":1,"minecraft:bamboo":42,"minecraft:oak_sapling":1,"croptopia:cashew":5,"croptopia:pecan":5,"minecraft:mutton":2,"minecraft:dark_oak_log":23,"minecraft:dirt":11,"minecraft:white_wool":1},"minecraft:used":{"minecraft:apple":1,"minecraft:mutton":2,"minecraft:dark_oak_sapling":4}},"DataVersion":3465}